おる	rYFD1HCGB
おく	HcHLJCUFZ
今回	AveI77eFW
上	5iPe7PXcW
今	UZQkDBSUe
上げる	bhPMVCSOX
今日	HMCTY4J4h
車	chVlPcYa5
及び	LQLGMdGCN
り	IeCVMdORq
今年	gqNEM2GAT
上がる	qpAphQWFL
今後	ZVA84KKEK
届く	kiXWKQ7S9
遊ぶ	caW9fM4WO
届ける	bHH7Ce8GK
越える	VTKWVylQT
お金	cNeSdDEPD
今日は	LVLSIAE9Y
上記	4QbULaLKP
豊富	yXE41LaJO
お知らせ	ZHPAj8AGG
今迄	7XJXDMjUl
弊社	jCPHJbVFK
豊か	m1268UN3u
ナンバー	7pQ72WcPY
上昇	whBkgfEBL
越す	tZAaHOF88
半	BngqUZjdJ
お家	FWcBC5GMC
把握	FrEKM8FRS
削除	JQleuk8oV
上る	VTRrhie8C
車両	qjZQLjbh5
おー	ISKLCWHK8
お気に入り	HCRHG8HGA
上手	9NPPV38PX
緊急	LqjltQBs8
床	OLokeHYs4
冊	LKuNYSZjW
妊娠	CZhnaJKoJ
ナチュラル	H4P7DGRHi
半分	5fWwnalkI
今度	ByWnJIVhR
今週	bPPNeAgGL
緊張	EIWWuVcSS
遊び	gIV5VF4Xf
お子様	VEEA978T7
上位	NVHHFkW9Y
上司	KmuMaGYeQ
泊	6RZFVriKA
繊維	iTYNNYcRo
半年	HfetlNJg8
今月	WZaOi6GUC
上品	fOI8RFXHm
おめでとう	JVMFKSOAP
お出掛け	KhDHRFA8C
上下	efiiSRhri
隊	nlaJSq7oR
熊本	RLMFEGoKL
ナイト	WaSUOZBlV
壊れる	IozwtcuxQ
削減	bpHNbgY7J
上限	OgLYrxjF8
お子さん	LIEJB37S8
お母さん	DISMD47iF
今晩は	LhGaTJHJf
益々	rtAH7SZ7i
お客さん	vhTDG69PD
泊まる	HjjSKeLEC
踊る	zhOKZP5je
削る	JZbulWolE
養成	ZLG59KBSf
上部	JDlReHnhc
伊藤	ETKMO6gIk
車検	SZSjelaZA
上場	qgV6DMEWL
お疲れ様	NiRBSOoME
ナビ	aHORThgdF
繊細	DENQWJdix
おじ	VsZfQEOnW
上質	kAF39SWAo
半袖	GdJaLYAMg
告知	aUaKuLFbN
今一	9ZPRTQbIn
届け出	PJgQQPEV5
及ぶ	gvjxCtrhG
届け	9UoIYcGP4
おっ	QrIYNCGVS
上達	D7BRcZMQf
告白	8gyppRauW
今朝	PWFsr5Y6U
おお	ZtNeEXNAf
ナイロン	Gok7UTttr
壊す	Nw-ywSwwj
霊	mEvXojQiU
上野	HjPGCFKMZ
及ぼす	slOvGZdbg
お任せ	ZWP8ANBZB
半額	QWibSQgQB
上級	KYOASRdJd
車種	gqMWSppgF
伊勢	gkAD9kf7T
妊婦	KXVdTHKmC
上回る	VkCfIuwCF
半端	PtWgxkqHh
上映	sUcGqmAXQ
お父さん	8QPL72JaH
車内	bihajNDi7
お礼	cLOGSRMFD
半島	yiClDxYLX
お尻	lkVxSCMtJ
今更	5xhjuGlbv
炊く	dCLRTcWa5
ナッツ	gcYhOgbTh
ナイキ	XkgPLOaia
ナイフ	VhbRVdbw8
尊重	73P7KFACx
告げる	RncykKAoT
遊戯	UguJvkDcR
お喋り	ANKCr83PQ
上旬	vdOUSCFHC
半ば	aiTyQPQXT
伊豆	ae6ODcUAY
今季	JTbjWCehg
尊敬	C9P968PIt
おば	SuffUDPjQ
上げ	bgZMsWkeF
今夜	NhJWkbNWK
羊	bXtOKp2md
上海	XxjGPaDGT
廊下	dTwnj8Ed9
妊娠中	9gYnS8bmF
りん	FbNQSCeRM
養護	ZDYGLPJLI
半身	ATborOmlb
養う	Y4P3CACZv
坊	XgcHDJkVB
上陸	tqWi9yFiT
車体	dnOXRkuoC
上がり	NQ6cNYIRX
上田	AM5DEMWAW
遊	N4W6SqRXO
今年度	eEE4E4E9H
ナース	WPN9KM9gD
遊具	qWcCA67JB
踊り	-fI9TX8UV
豊田	QgE5D8WHK
珊瑚	uHQcJlCsU
上り	JEifbiyBN
越え	QoSPJovOJ
熊本県	J8HK89dNG
霊園	eGQLVSSJ9
養生	aVshbHpSP
豊	NWJQ7JYMK
半日	GLhhZYtNQ
妊活	9DmVgMMYK
菊	kESPCH6FZ
お好み焼き	QsNNEbcSE
冊子	URg7ELKON
おい	E-WsZPbaZ
越し	GYeneDGJQ
おでん	WqcGBPjbC
半数	esZjRKRI8
ナトリウム	OPmXeVoMf
お姉さん	GWRGB48SI
車庫	CQgROTrB5
刊行	bZnNWgbqm
緊急事態宣言	QaUaoDHSD
郊外	ikTcOVbAU
お買い得	rbbH9JWEa
お笑い	ZfLLaLScR
躊躇	EuiydSUqO
車中	SMYRfcca9
お買い上げ	QUeMVghSF
ナット	Tir8Xe-sb
上乗せ	IleMRifH9
今時	LjgI95fQt
おける	3Tn8F3adF
熊野	dSHOHjq6W
坊主	NPhTaCeie
お復習い	DsMQNDSJs
半導体	rtWaTldTW
上流	vHOgMQbXX
上級者	hIQFOWmde
伊丹	UMGNWHYNO
おろし	GYRYjSgES
蚊	vjWfhK1aQ
熊	PhufWFJjS
今作	GjrUmqewx
伊達	FaND4WwUO
吊る	EezJbQr-W
半田	ggTNJIpPT
遊び心	eHS4J8WTz
菊池	XLFQ6DKfS
今治	HRB56Y6AZ
伊東	QY6QBNgIQ
ナイス	DFFIHBOFQ
炊飯	bEWUYiQY2
上演	ukvUgnPqQ
今期	JNN7SCVXe
お兄さん	SWcD63KMP
尊	GDTZNMcMM
吊るす	gMx8ZHDpU
今週末	kaHNRAV6G
今井	EFHG85YSS
上着	WojeVM9WH
熊谷	De9748S9X
お化け	mwrQTF5xk
炊飯器	fRbeQdNf2
上京	OLIhfSAVC
伊勢丹	mhnGeDSQY
豊橋	WZI6A8aCR
緊張感	IBWJwLcRb
車載	YfiOdammI
おす	YXPEEPVXJ
届け先	LOOALqQPA
車線	rMWsihhlJ
おろす	GVXlrFuiK
上空	xZ5utw1KW
半期	TaMLcTDV8
上半身	DPWikHjpg
ナビゲーション	Z69UPsNjn
養殖	mPkFAJllT
脊柱	QDXxmduqi
益	HDhTaZQUS
床下	kTwjMBnqB
おこる	w-Z-rdSac
上段	AXwYdEwjU
越前	QBLM5YWB8
今頃	UyTwjAEeS
ナショナル	aUgdERPZk
車椅子	7IgjNNdl4
半減	BnDayhcJM
半角	CXhCnhOiP
脊髄	QbbxsqTuk
ナレーション	lAIChUIpd
上原	8K5U6ZmZM
遊び場	jQY6F87EF
尊い	a4J9kYhIp
ナプキン	UjQJXQ1Y8
お揃い	BtbD63EOF
養育	E5kbaRBTO
おさまる	fpAymRXNH
りょう	JUYPDMbEX
刊	RIqYadguj
羊羹	OKZUPTiSS
遊園地	argSUKAUN
躊躇う	DrkyePKlG
床材	nNocWVob7
伊呂波	2VI7K9ecb
弊	HHYQMbOHB
豊洲	qxKQX6pLO
告示	WFfemgkLA
半月	MXT-vmmiA
上述	7hriBWjRw
豊島	NNbRSDDFH
上方	XcIgjkTpO
羊毛	GJd4PV1bi
おやすみ	44jWlQ6pS
霊感	TIaNdZOjg
上塗り	fWpelrrIV
車輪	QhmRXquyU
霊的	p8kfjsUXx
ナイン	HYUGUlUWP
脊椎	cBRugocuf
上越	ML936JNAY
養子	2RyUNVTpN
越谷	VhABLAPCN
告発	kz-vWeWwJ
隊長	UsrNTjUpe
お兄ちゃん	8cgIH8TXP
ナイトブラ	ZQbXRSPuU
上杉	MMWTIVcHN
越後	NZESDlUCc
届け日	XFYSklkSF
養育費	HEXWmWLcH
おこし	NFE4KMRMU
縊れ	XQMMLDjjd
緊急時	AYPFV8RjC
おた	cykbidUjR
ナノ	OQTcbhOUw
今晩	UmGWjZOTM
遊園	VZYMYQGYM
お年玉	amZflG4aH
弊害	Z-ZxpgvUy
豊中	OS6PJ9UCU
熊本市	GARKC4OLI
お一人様	3ZXMhQOd9
車高	ndWWimwmE
お姉ちゃん	6YaRU9NeR
伊	4RTRPZonQ
お台場	mx94JQI9S
吊り	Bf-GhclxY
お札	qbrTUDBW7
上腕	GWlmjZwik
上書き	MQxMvvGwp
霊視	cDTTYiOlZ
伊勢崎	PZN8MObHR
半径	RQIQVwebU
伊賀	MfTADgnFJ
おくる	g8M5Qe8dQ
車中泊	WKVMUbeXB
おしまい	5pgoqOFkk
越	EbVXcrW9P
壊滅	tztvqwaya
糊	UJwVMSFoo
ナポリ	TmXjEXfdY
隊員	nZbHalDtL
上向き	NI6jWISor
豊臣	cUmlZdtfF
吊り下げる	Rkv6RWWwV
お絵描き	9HUPqX3ZS
豊川	cADA74bCF
床暖房	GQOgUSLWA
今夏	ZvWffBgYR
ナレッジ	XNE3OgiJt
半熟	KcXjguDGI
霊場	dLbdOquII
泊まり	7jUZHeHNB
ナポリタン	FkYJOmeVU
おか	J5DFLBqPM
湊	JBNDilfVN
遊歩道	vEJjODP8L
越境	ZsUDduCSb
ナビゲーター	CR2C8UdTo
上尾	iNB5JB86G
上層	jqrvdlili
豊胸	WbevTYekZ
菊地	AM988CsYg
おさめる	mOMfIRbIW
尊厳	D2lHgiIgu
半疑	VUdrMDLig
半信	VVgsMDMjh
上顎	llfpWQfuO
削ぐ	SdQqwengk
削れる	JsexwjssF
ナポレオン	vowqWoelu
豊島区	IJPDO38KP
柊	TJXDS66Zd
炊き込み	aJPMPlUJA
吊り橋	dRhQWdiRQ
上棟	pMcBPEs4I
上り下り	NLcffayW6
上映会	hJEAaiDON
上白石	LbOXQKUmT
車窓	sR5mmpKAV
半沢	oedVmXOmV
車道	dUgwhIoYV
上人	nCajbZhNN
おっと	XxdpbFhed
遊技	tFfKnXNoI
上場企業	oUN33CDII
今ひとつ	LhCTMRZ6p
お釈迦	hHTmZXOcn
ナナ	ParHiWCoW
ナイツ	MeNJxuZdd
豊田市	IVJBE4TDM
今村	FNZRREidU
豊岡	HH9TCAMLG
上面	OSsnafrwv
養老	eJdTJKcEe
ナチス	wuzjqtRzv
霊能者	XQcPQIPXM
お雛様	HEoIJ81A7
ナウ	fSkQRcFJg
床面	fDiiZJtk9
上々	nPDSLQd5O
届け出る	4abWHQMX7
霊能	YMoJdYXjT
半生	GWpfUgiqk
伊予	DdKIDnlJC
届出書	LHoNaOBV7
俊介	9YjYF9Zll
伊那	NE5ICNG6L
養蜂	VlgWGSEMV
上限額	DYMMifdK6
榊	VGJCBB4OE
上値	nKOUctfeM
菊花	UGiUdTdAY
緊迫	jkpevjRvc
今上	DRSZGGbWb
おそ松	VtaOlNIqW
坊や	XmQpSUDdc
上履き	TaakHP2l8
ナルト	REgKrsblW
ナムコ	ajX5aWBnc
蚊取り	dUYJfR8cM
鰊	oYWSNackc
豊穣	xE7JRqH9h
上図	RggcGfcim
おなら	VohsiQ8iX
りえ	9YJYM9cpc
今泉	LAfUF7lLI
おかえり	76ONRNZbU
半透明	OSulfUEfn
床屋	YLSeNI8PK
及川	DH6X8DOMR
ナイター	YYGTTOUML
お品	bQeTMdVRE
上体	gDRoqLtrY
豊作	-Y9NSLLIb
告げ	jOplYiPiU
遊歩	pAOldRTDS
上高地	PBBcdmO6Z
上側	WUgZdYrsp
越冬	wOkkWl4sW
おや	QcWZX9JPa
今田	fPCRO4bCU
齊藤	7Q7587f8i
上下水	XJWcSHoTD
俊	2McbBFWcb
今川	NKFgEWSLI
伊万里	eHQLBWYE8
上り坂	eHbunfzBJ
豊中市	MR8SE6KHM
ナムル	TmNVOeYGG
今宵	WbNMimPRS
おひたし	LG9dOWOKK
上村	L9FIKBGHi
蚊帳	FffEYp3pV
踊り子	wnQZpvIjM
半々	7aNUPOmHV
ナレーター	iADCONPcO
今秋	jnJPUBhGR
伊吹	FNXIOMNHL
上肢	LGPdsowda
上智	VSbAgTGVf
ナイアシン	biTmRURXo
削り	OqXmmVblE
遊郭	rWpNqntvV
蘊蓄	juZOA9aNr
養	ECbIJJb7d
今春	ZpOML5PDK
りか	4iQLKBVmg
養分	nQYgcmHkd
告る	XDlLmcEaM
榊原	Cd8WHDXDO
りさ	98LPZMToe
ナゴヤ	WpJDTSI6V
床板	KMrMUNtk7
伊織	9KQIZQOmW
今野	9HP97HklN
上皮	dYbylpFvm
半襟	UKnBYf8nL
豊橋市	LNLC92bDJ
霊界	tFpllzOpt
上げ下げ	cGoZpFvqS
壊死	btnzsdFyb
おっとり	LPOLM7GVl
上水	PZLoO7YMF
上島	BWXWRJWrP
おおさか	Yj9IReoFO
吊	MSx7bYouM
ナ	DqnOPcTlb
ナタリー	EItFsCXsi
お悔やみ	YGVJjOEsE
上川	8ALMJIPSJ
上院	qqvqXaciO
ナイル	mmSbLlLkj
遊覧	gSAYcfFdN
伊香保	NREFXXT6O
益子	GRAHBCaD7
伊勢原	WDD7ABT6H
お手洗い	UDqcZ5BI5
お茶の水	MiQTLCQNa
りそな	LMLCdKjNG
りな	8bCQLMhkZ
上皇	obfmfdjLE
ナイアガラ	jqZois8Xs
ナイトメア	NnyS-yXzg
越谷市	OWGCH4FIJ
告訴	akypWaJhB
ナンバーワン	MpTA0LeAY
ナロー	VLEMKmzua
ナンセンス	TqpxksMv-
お日様	U33RbT51l
ナックル	qvrOajooU
炊事	ECVUbGaS4
炊き込み御飯	bKLMLgTDA
おかやま	ODJGH9LJG
弊店	gajcdaegU
床の間	T6mfgELZB
お得意	ZwTSUGERb
床面積	FWgdhNmSJ
楊	haoVOkNbP
上野駅	TlUKIKUTP
ナルシシスト	LprqGKSgq
今般	leUaHZUFO
菊川	SV9OQ5lBJ
炊き立て	T6DKFdMB6
菊芋	JSAlKaRHb
ナイジェリア	imiY8hBlL
今月末	Xsfbc8VO8
ナウシカ	kNRntoBrq
お下がり	BgiUQAUcH
お食い初め	MCZBFLUO6
車掌	jtliXVXr6
りゅう	anehUIWUf
緊密	IYK93R5Ch
上期	JfHAgOjaQ
上等	PdrrKqskZ
益田	E4ASJ7hXH
ナッシュ	DKjoZbkbd
お嬢さん	WfhbQ9CbD
車屋	NiHiEKOdI
半蔵門	ImJDPQYBJ
おきなわ	KOIQOcTNM
おこわ	iGWCEKQAA
半蔵門線	QjILiWXJR
豊平	a5SND4KGW
上州	XnM9Lho8Q
ナーシング	O5Q8FS3Mk
上告	CHdmlmkMF
ナン	HhqMBnjdK
上大岡	VcH3KVXSM
薊	PMCrHp2MU
緊急事態	OwgtqDEqT
おおい	JfEcbL6UU
伊之助	OZmKoTisb
ナゲット	bqbGRLkaM
半球	sXLtXw6gs
ナム	ORvDIIhjZ
伊佐木	uTNPRekmY
おせち料理	hITNZVDJ9
告別式	LMNKYSTZC
熊谷市	NcJ9B6IEN
上戸	OnZUD4MdK
ナンバリング	GvbAcpdSl
上本町	PZAIMUkEM
削ぎ落とす	LFVlnbunz
上田市	EE7B9CC7H
楊枝	plnYN6Eva
おやすみなさい	EEWNtdBaj
車検証	LYfSCTjX8
ナチュラ	eTaAQclPV
半永久的	K6URLYDVe
養鶏	mnaTWVOWX
ナンバープレート	OsQN4cTTB
伊藤忠	pNV3Y8KMU
半面	NgCOXOlEZ
上弦	XAJMrvehY
上半期	OfKFmHVJG
遊泳	o9Keor7oh
ナミ	MUnVUVgfQ
今日子	FaQcdZbwb
伊藤園	NIFETEhNW
羊肉	YsdKCvSVT
半身浴	D4ZksBjGN
遊覧船	kMIaUHUhB
踊らす	y-gmZMEqu
羊歯	qJ8oBR3Mj
妊娠線	UlMwRLAiW
おしっこ	YkstkP5hN
妊産婦	HGLUSRPnG
羊革	SbWZTjPga
把	IapBqoZhZ
お遍路	aKUKYitFC
刊行物	QMbZLYabY
ナビゲート	N65IEW8am
上り詰める	Imbj9asEU
上越市	LCM973ENZ
豊後	QhOZIrvSL
禊	tIXdlbUef
炊き上げる	e7SSWXQKC
伊勢市	TNJAB9aFL
炊き上がる	i7BVUjII7
ナンバーズ	UhjMVkPcW
半平	cnVNCLUVW
豊川市	T8JD72Z9M
俊彦	7OCEGMTTn
伊丹市	PJBaF2PJE
上向く	QH5jcOddW
車海老	caQQGfeZL
伊集院	JfGeobjWY
半纏	kjPCAWAZH
上昇率	pjDZYVcCJ
俊輔	LJDbLESdh
俊敏	uZJQIQWZq
今治市	CHGA8DTOL
おぎ	JWISH7qIC
躊躇い	FfqwvXVie
上山	B86EASi3K
おさる	kjbd7I2fN
上毛	aY9DSPE9U
廊	XIuVkdPXE
今年中	DlOihMTeB
ナオミ	hUmZmnGyj
上階	ZiriiTaZ7
車上	MVsIeVvlE
菊水	TTUNEaW8X
今世	DCgRlnkjr
伊良部	Rf6dOkOOS
踊り場	TJnli7NiC
今津	aF5b9Ee9H
俊太郎	kKeedDHus
伊奈	cHC6FRG6F
今号	ceT95AfNs
上辺	JHjQLKhxv
今冬	boUfcDWQN
ナンプラー	IsTLSicGL
りんりん	FXMOTGJUL
お手上げ	5zqyQWGkn
霊魂	w9xhyyMwt
半券	LmoUjbBf6
伊野尾	PpZNM6PpS
おしゃぶり	UjrOMU7vF
車間	oMakskXlV
遊離	vjuybVUhx
羊水	RMNsfk5rj
伊坂	g9nRqYZot
おもてなし	PFG1CM7AV
豊潤	XP7iNoL7r
上賀茂	bB9FNET3a
羊飼い	sVnlfmGtm
伊勢崎市	QIL9GBMGT
おかげ様	bM85OIP99
霊性	q2ZRisiPz
上巻	DXmnkudtr
上尾市	QJJAA3CCG
おおた	fC9A58DBQ
上沼	Jj9fnFbLH
尊ぶ	v6PDJdM5y
泊める	AYoXOdYe8
床置き	KTvNLOSpG
半円	SLpMaiTqc
霊夢	ZKpfwiYlf
車外	TbjqvYVp9
熊田	AhDM56kfR
遊休	WHE9fIYHU
お持ち帰り	PhxfEBkn7
ナギサ	LDSXgcqyQ
冊数	JGjEplrX9
上町	OD7O6VzTM
おおたか	Yj63ES89T
今里	VW5OBQXFP
越中	TXKNIlWGA
俊一	5g7hNHLkl
熊之実	zFMWBQ6pa
上出来	3DQeUVwTa
ナント	YwkrJRjGV
豊臣秀吉	gOjlOVqVF
伊勢谷	WiWeJAskL
今昔	sXRGHZNMs
ナジ	RFZOrnThX
熊手	xpUNFGGD7
上端	bNnfTbyvp
養父	3IjbIIRJI
ナップ	5IbMYP9OX
上げ幅	mXEYRXZHG
霊障	WEUenVYEU
ナンシー	OuwaoTQuf
熊本城	eVSYLWtGN
ナチュール	DJVUJabBg
豊岡市	7EFZH8LNN
ナツメグ	GcHWLqeMe
ナイ	ImyXSgWrd
車名	HnFPJpWab
りつ	FAFddNIEX
ナオ	YWZcSP9lV
霊力	wCaPvsVeg
越智	WEBV8HJjj
霊媒	MGtRniQdZ
ナイトクラブ	mysXPVGsR
お腹周り	VmRch9bpa
伊勢エビ	jmLULkcII
半畳	f7cVSKdk8
今市	lVVBH7hGR
上長	DOUEQekWF
おもり	CCdBoh-yT
半量	FdTplPLQP
糊付け	DUmGNJAeX
おえる	HoWrpdTkP
お造り	qZWSEUuNM
ナイチンゲール	ndXOmj7om
半田市	kPRD73TFR
今宮	og9TFDsCM
ナーフ	fumVqkEtd
ナノイー	qRGXMo7TZ
今池	XUSRFQjGD
おりん	RGXBaKas5
伊勢崎線	HROAUHeOa
お重	ZXcLYPNR8
上坂	8b5BcYMWq
伊良湖	iN4cPhODU
豊明	PjP887c9M
熊笹	SK9jAT9Hm
告別	INXKniUeG
半紙	W9TMiQEU5
おつ	LRADZe7EN
伊那市	F77HG8F6F
伊原	SY3RLOhZi
上級生	VSbFQBPRV
ナショナリズム	xsZuyyom_
上瞼	deNlnlYna
吊り革	kYnRRGSkC
伊達市	FF7J7DeIQ
ナダール	8VjidTvQS
殊更	gpHtRSXWx
伊都	SGJP9kdBW
俊哉	GXMLFECmi
上条	QOcXjgPWe
削り節	BTHTOSJHY
半音	FHUatsnqh
おさむ	OLOXKBNie
上地	6KEUAXvXN
床擦れ	HSRWed9pE
ナラティブ	cBQFWaQp-
今月中	IlfmiCJV6
上目	TWPoPPWsc
ナーサリー	VTYPEMDZO
ナカムラ	jHUPLLIXW
半ズボン	LqOtLOBlP
豊前	XUEV6YnDH
俊之	NQNaOJCbi
おどる	yY6BlW1PU
菊田	MHeSQEnwY
お焦げ	dKaekkQU4
おさん	URVPHDhlW
上積み	QUicZcxJE
半減期	leLtoebbX
半幅	dWf5fdNrb
車券	fZeKdnSPB
上総	TWCl8jbHE
霊山	nGNSBmt2g
戊辰	bkcjlgzYT
おう	gsnmofIoT
半値	tcQkQeihU
遊佐	AFMERTSGQ
吊り上げ	msvMcayuA
おとり	geeNDF8iU
ナインティー	ChNGSVWjS
上席	LSCJGIXTP
豊崎	OL5FfaoJY
遊雅	RNRJuXgeQ
おも	aNLFXiHSI
隊士	nbvMvZluQ
お香	UILGSM9JB
伊佐	8QDL5HrOU
塊	gfrztybde
ナイーブ	6mqwgG9jz
伊賀市	RNWAEDZHU
壊	Vuwu-yhun
車好き	flGQ8FKEQ
上棟式	vYQ9LCp4E
豊山	KWNACEh5T
削り出し	GVRNMY-Se
伊江島	eX2XGsEKa
ナッパ	YggdaoVpk
養蚕	gNUCBQSLa
遊漁	jAPGcTsbD
ナップザック	HqTUXbIpf
遊女	ugxbaklyM
ナンガ	LOVHOiBbg
半幅帯	dRc4gdFrW
車酔い	GsFkrpbHF
遊び人	XusfeZcqc
ナル	8XkYutYbt
ナンプレ	Tgm9gZHWe
遊ばす	XfeYqMaZM
削り取る	dek_imqrb
遊撃	PjlaiwdnG
伊勢原市	J9IA86KAB
炊事場	PLjXQDdR5
尊氏	mOmpWfmaN
上洛	hWimqqWSE
越前市	H5C963CAD
おら	QiGdjeQhm
今出川	SHZXdRrIO
遊牧	tYbUM-Bcd
炊き込む	XJZOEkIUG
上智大学	NQPDaGLPe
上腕骨	XbRuXcnla
隊列	-qZKooMQV
床上	cKoetKnp5
おだ	982J8P8IO
おっちょこちょい	7udoXFUpS
霊峰	c6AOkvO1e
賊	ut-nxzeuV
おかす	OulwUYauU
ナディア	RQjOleTpg
おかえりなさい	FETMaWGcQ
湊川	mcLWJVWNE
越生	aZABRRQ5N
車番	MncRDYndG
越後湯沢	PNO8ZWJHN
豊見城	OR7PBTdPK
楊貴	jgujerMfb
車重	JQQcZs_aR
ナスカン	Uts3RVswX
俊夫	2IIXQLUmp
ナガノ	EbUFQJFPT
削り出す	HFVZFMyRa
伊吹山	CH9WWYJ1W
車止め	eYtYbCpnC
霊媒師	WWmOZGYgR
上西	Hh6jW6qSj
上唇	idOtcZ9uR
車速	eHOfkwssh
お主	VfqddnRcb
上座	cRaVKebQY
りみ	AI8FZhXgS
上り線	TYUQYVoHL
半人	ujyknKcoc
俊樹	6VSUcVbim
豊国	pXVkPUm7I
お祝い事	nbE7AOBJF
俊英	8JYJLdTYb
ナイナイ	BxlsgglrI
上靴	VeVfMn3jA
おたる	jVRHEH8IK
伊能	IKPLAdnXN
車載器	WTZZSbQcE
霊験	xMMhNji8M
ナノユニバース	WURYdRNjn
伊沢	YXIFMaJcW
今帰仁	WVAL7jNGd
ナード	KQENNXdGd
おもて	XEPPLUBXP
菊名	QgH6HBPCO
尊敬語	bPTBZHfco
養豚	rmZJIfPXR
上伊那	C5DALG6CH
ナバホ	fRSJMvRfY
上梓	cYgWWUist
上市	I6DCHgIFU
俊足	WmQSEfdTN
今西	C6TRNFiSk
ナック	MqlTdNJJo
上條	5AARNTCYb
霊体	bBtpwtCso
伊右衛門	FkgiWJHiQ
闊歩	-zkpPdDbs
吊るし	TCmE6HNag
豊水	bRLbFocMP
おどおど	BnpevFcqV
俊二	D7IIeFOen
豊平区	CKSQA5RYX
おろおろ	BzhyxRiwF
床用	cSqYMehoG
養鶏場	ghigNV7VQ
ナリス	XgFfOQHad
ナターシャ	MLYZkcMxW
遊牧民	rYWUF-ESg
上り口	SFpsGLo8B
養子縁組	2MvKSQClJ
ナチ	rprdfpbvr
今生	94VattZav
楊柳	GKJaccDTp
ナイロビ	lfiVkaKfM
ナミビア	kIHkSvSaP
上程	ogcXNVTCG
ナタ	ereiQRjuM
泊まり掛け	5lPSOcRH9
ナスカ	bVCeqyNbu
霊能力	eDmMTidke
緊縮	typysmjom
繊	OHcTlRSZg
車軸	UpaRYn-wR
ナイトライフ	eZZLWmiUb
尊属	CNcKVPcnV
伊達巻	fWODFYTGV
羊蹄	CL4fFbABg
半壊	Bopxslwu8
りい	AQMJMleph
上岡	eYCMQ9Eho
届け書	HHPaMPER9
おれんじ	BE6SIsPTX
ナヨン	qqfQE9aiH
養父市	6HAXG6Q6S
上林	MGYKEFvAY
おかもと	Fh7cLFWNN
伊東市	VHAUHAGRN
半妖	YTpKurFsW
殊に	pWHsUgaUk
霊廟	VdulgSpNQ
上屋	QBnSIUtaF
お化け屋敷	hvyDdCAra
豊明市	INMHH9YBD
ナカノ	bKPG6KJQW
おまる	PcwXWW3u4
上野原	JB5ODYd6R
上京区	VATTI8UHW
霊気	lNKZvnIQr
おしん	lOLPZcclQ
上白	HFTZHakBc
ナカバヤシ	FRdFEIVZM
おの	HQ89BJIWb
吊り上げる	mxyVYLxyD
お仕舞い	CfixrUSuk
益城	GRGMBBsKL
遊興	jarZpaOeD
半歩	P9GfUKRdm
車幅	gdJYjZzoS
おやつ作り	VEA6Q69GS
りんかい線	kmK4ghiFS
上官	ghzjnvqza
上代	LFNNPdgTW
床暖	GOUhXVJaA
上振れ	ipLKWrcZJ
ナイトアイボーテ	YjNWScDiM
上野動物園	aulgLD7QW
上里	WSFF8HZDW
お母ちゃん	6RERJBeWR
ナーバス	AxdwuHfpm
上下巻	Lfsbqulrh
俊雄	GQTPa9KXq
上質紙	UKTHIeQOe
伊富魚	tGQeSFFbX
上置き	KXoEVTvk9
踊り手	-YGNifEcP
ナッシング	Adrjuhmlv
りんか	ESPHZHkC9
伊豆の国市	DMGWGAYEQ
ナノテクノロジー	ZLMMEq9Jv
豊受	ZG6C6Kj6d
遊星	YpvkqvMvq
車通り	rVPXS7dKL
上機嫌	9mKea8XFb
養女	2dwhcaouK
伊黒	STfVqSUtY
車山	LT7NWNB3Y
今風	PbkDMDqJz
車代	VfVPJbJJ7
豊栄	uLL7A5O2X
おとく	6cVCFYibJ
上川郡	8MCcLGIWP
越路	KK8OOVbVO
ナオキ	RdQMYbNch
上位者	bTQOhkHKE
伊豆山	keIRTSpDG
ナプラ	rbTAVYIEZ
伊野	A38MMUdBJ
上蓋	BfzfmMvzT
お囃子	yi8ARGAHH
上物	qXgaHWynX
上表	BllrEYkVF
遊漁船	ZJE7QZpmH
削材	wpFNTnyYM
伊達政宗	UabTBkuYN
車選び	HH9UDgYcF
上生	hHfPUC8JT
及第点	6HVhWmuXc
上限金額	MVJQadfZ9
上の空	2WVp-LXsa
ナーガ	kQvatpXfd
ナノケア	NjCdNmAXZ
霊前	TPbGZUKnI
車台	9aaKQlqqP
半周	KmSipwuWE
益城町	DJGYGAtWP
ナマステ	WBFB8dXCO
半兵衛	FIsbnXofY
羊蹄山	DF5eGVF3f
ナイトキャップ	GvEVdb7TU
おはな	AEA7EB5dQ
菊陽	XSELH9dRO
半休	9TQjpIXTJ
ナカジマ	N5BDIMDDX
熊取	kLSDK8baB
闊達	gMDGibPBy
ナオト	PVHefkIpe
豊見城市	CG5XESRXH
ナカ	dmkJPNQVS
ナパ	NqULNnZFg
上板橋	IjIGMBKMP
りそな銀行	IULLTGnFD
伊豆の国	LNDZFOXAQ
届け物	LZeJIN5D7
上腕二頭筋	JPlpdXzjk
霊柩車	oXcQXmWk8
熊川	o9GE8ITH9
益若	JtOmNJYtb
伊方	lUDeXWfoY
上澄み	SQm-hWDdo
上新庄	Gb7IRHgIX
今永	ICKEYhJaZ
ナナコ	6JTEjEShJ
伊豆市	KHNOH7WDR
おじや	MgdKSTbXW
上北	8KHLCZkPG
おわす	b7LNbpcIa
緊急連絡先	8mLCMG7b4
ナシゴレン	VveWQmdOH
車前草	UiCoGb9KW
おうじ	WeEKHP8JM
りーん	ZMDWRIkbw
伊丹空港	Vc9kYWaDY
霊芝	WMSiEi3Mn
ナブラ	-k9ZulXma
ナニワ	SaHXLTDcW
上郷	RLKH3Hj6G
上新	NFIGWF7GY
伊根	QEHHDZKIV
豊満	QSKfKSjRn
りほ	KMRZWJWoV
上腕三頭筋	JMpihUwin
上野公園	qdQUP649S
伊波	Ha5QVvSWZ
半夏	LDQidHSIQ
おかざき	EBRG6BVER
遊学	M9GKOaJFg
ナノス	KOdKIkQOu
熊野町	IF8BD7a4E
上下動	eOByXXxud
ナオコ	Tj7TPXOoa
削ぎ切り	isXnhOgeT
菊池市	KCNVDBKHP
おぼん	RRhMnKWs7
おね	1eVNSHeII
霊訓	n4ifuvshq
珊瑚礁	qH8jUzJfa
ナツ	VXaWrdPuo
おゆみ野	fPCEJHVHQ
上信	VR8EXlNCY
上限値	QlPkZrwLY
お届け日時	QGZHZeuZL
半蔵	hnuJlhUkQ
遊水	d59WmOMCT
俊明	64PbY9kel
お初	9mhOHSapL
おどろおどろしい	wpuivWWtx
おみや	GPXALReMF
上諏訪	YLNLVULEI
ナンダ	EbhZUgOOi
ナビフルセグ	EFSSOZZbU
おっかない	dpoujLYqj
上北郡	MEPd5EmkG
ナタリア	TMtKpSRrU
上中	VTUOUciWY
上社	dLNXNZd8M
上敷き	E8QTcmMnE
遊水地	hA7ZdMH7N
上布	lWGIFrNUX
ナッジ	qMfSdAfWu
伊豆高原	Na8GELN2Z
豊浦	bD9KBFqBQ
豊永	HD9NMUfTU
上野毛	GKBAQCWQL
俊郎	HK4UaJhlh
豊後大野市	JBPKCGgKX
菊乃	WJmILUUsH
ナニコレ	eWiYaVNOR
菊之助	ehJajGBZK
ナノメートル	bMcrIrKPo
啊	9UZUptBjb
削	HfffmatoE
戊	6BQQkZoVS
昊	5PhZHUEKT
蕊	H4ImGR1Nl
緊	BSnUqYTfS
齊	MGeOKwDWO
妊	9VgSYN8oS
殊	CTparrWTk
炊	aCeNOlWg4
邊	WFOOYrvfa
荊	Pasknu7Wb
脊	OQXZinQER
樊	LWbbNpcZJ
珊	AAs7INPfU
笊	hIcdkkRa6
擊	PkrUwvHrV
訊	QhkEfaehN
彊	b9tUqyJiW
释	5MeKpjNSl
磊	BFqTSCIXI
亊	VSqMOdloU
告	ZUWVEPMJX
莊	HmmXAbE6O
郊	XrXhdqLKM
權	JElfUUkVk
萊	NTnGKotae
蘊	NClXdkUhr
僊	VNllgb8Ug
蹊	BMRCZNPMX
闊	ed9lnqURf
濊	ykdhWuWXc
渊	57fMmgfqZ
聊	EFtWVkPMW
惊	RNnZdYaqW
翊	MUo8PVFJV
躊	IianefMtH
逊	DYbXJYGma
姊	roqJraSpi
筊	FAtVfpipI
喊	ckkigpPro
墊	EXVZirDZa
腊	QQXMNdiha
诊	CQhKTg6rR
贊	6ofQYglNl
雊	VdleeYAYn
葊	GJngnkIdN
